Бумага,ISIN,"Индикативная доходность, %",dur_years,Ликвидность,"Индикативная цена, %","Текущий купон, %"
"Россия, 26219 (ОФЗ-ПД, SU26219RMFS4)",RU000A0JWM07,14.174,0.5316164383561643,8.0,96.93,7.75
"Россия, 26226 (ОФЗ-ПД, SU26226RMFS9)",RU000A0ZZYW2,14.296,0.5886849315068493,8.0,96.66,7.95
"Россия, 26224 (ОФЗ-ПД, SU26224RMFS4)",RU000A0ZYUA9,14.167,2.863753424657534,8.0,82.67,6.9
"Россия, 26228 (ОФЗ-ПД, SU26228RMFS5)",RU000A100A82,14.355,3.4245753424657535,8.0,80.94,7.65
"Россия, 26241 (ОФЗ-ПД, SU26241RMFS8)",RU000A105FZ9,14.673,4.766191780821918,8.0,80.12,9.5
"Россия, 26245 (ОФЗ-ПД, SU26245RMFS9)",RU000A108EG6,14.755,5.420849315068493,8.0,88.42,12.0
